id,name,model_id:id,group_id:id,perm_read,perm_write,perm_create,perm_unlink
access_resource_calendar_change_types_manager,access.resource.calendar.change.types.manager,model_resource_calendar_change_type,hr.group_hr_manager,1,1,1,1
access_resource_calendar_change_types_officer,access.resource.calendar.change.types.officer,model_resource_calendar_change_type,hr.group_hr_user,1,1,1,0
access_resource_calendar_change_types_user,access.resource.calendar.change.types.user,model_resource_calendar_change_type,base.group_user,1,0,1,0
access_resource_calendar_change_manager,access.resource.calendar.change.manager,model_resource_calendar_change,hr.group_hr_manager,1,1,1,1
access_resource_calendar_change_officer,access.resource.calendar.change.officer,model_resource_calendar_change,hr.group_hr_user,1,1,1,0
access_resource_calendar_change_user,access.resource.calendar.change.user,model_resource_calendar_change,base.group_user,1,0,1,0
access_resource_calendar_change_lines_manager,access.resource.calendar.change.lines.manager,model_resource_calendar_change_lines,hr.group_hr_manager,1,1,1,1
access_resource_calendar_change_lines_officer,access.resource.calendar.change.lines.officer,model_resource_calendar_change_lines,hr.group_hr_user,1,1,1,0
access_resource_calendar_change_lines_user,access.resource.calendar.change.lines.user,model_resource_calendar_change_lines,base.group_user,1,0,1,0
